{"minzoom":0,"maxzoom":9,"center":[-5.789838,-15.903902,9.0],"bounds":[-5.789838,-16.032019,-5.634093,-15.903902]}