{"minzoom":0,"maxzoom":8,"center":[-5.789838,-15.960188,8.0],"bounds":[-5.789838,-16.032019,-5.634093,-15.903902]}